Job Title,Company,Location,Description
Customer Success Manager,Rockford Logistics,"Boston, MA",Onboard new customers and drive product adoption and renewals.
Support Specialist,Granite Peak Tech,"Boston, MA","Resolve customer tickets across email, chat, and phone."
Data Scientist,Bluepeak Systems,Remote,Analyze large datasets to uncover trends and build predictive models.
SEO Specialist,Northwind Labs,"Austin, TX",Improve organic search rankings through on-page and technical SEO.
Product Designer,Maple & Vine Retail,"Seattle, WA",Design user flows and interfaces for the core product.
SEO Specialist,Cedar & Co,"New York, NY",Improve organic search rankings through on-page and technical SEO.
Technical Support Engineer,Bright Path Financial,Remote,Troubleshoot technical issues for enterprise customers.
Technical Support Engineer,Northwind Labs,"Denver, CO",Troubleshoot technical issues for enterprise customers.
DevOps Engineer,Anchorpoint Security,"Seattle, WA",Manage CI/CD pipelines and cloud infrastructure reliability.
Technical Support Engineer,Northwind Labs,"Atlanta, GA",Troubleshoot technical issues for enterprise customers.
Recruiter,Wavecrest Media,"Seattle, WA",Manage full-cycle recruiting for engineering and business roles.
Accountant,Cedar & Co,"Austin, TX","Manage accounts payable, receivable, and monthly reconciliations."
Social Media Manager,Harbor Digital,"Austin, TX",Plan and publish content across social platforms.
UX Researcher,Ironclad Analytics,"Chicago, IL",Conduct user interviews and usability testing to inform design decisions.
QA Engineer,Harbor Digital,"Portland, OR",Design and execute test plans to ensure product quality.
Accountant,Silverline Health,"Seattle, WA","Manage accounts payable, receivable, and monthly reconciliations."
Content Marketer,Solstice Energy,"Seattle, WA","Write blog posts, case studies, and email campaigns."
Sales Development Rep,Anchorpoint Security,Remote,Qualify inbound leads and book meetings for the sales team.
Software Engineer,Cedar & Co,"Atlanta, GA",Build and maintain scalable backend services and APIs.
Accountant,Maple & Vine Retail,"Chicago, IL","Manage accounts payable, receivable, and monthly reconciliations."
SEO Specialist,Cedar & Co,"Denver, CO",Improve organic search rankings through on-page and technical SEO.
Financial Analyst,Solstice Energy,"Austin, TX",Build financial models and support quarterly budget planning.
Office Manager,Ironclad Analytics,"Chicago, IL",Coordinate day-to-day office operations and vendor relationships.
Supply Chain Analyst,Harbor Digital,"Boston, MA",Optimize inventory levels and vendor logistics.
Content Marketer,Ironclad Analytics,"Austin, TX","Write blog posts, case studies, and email campaigns."
Customer Success Manager,Lumen Robotics,"Atlanta, GA",Onboard new customers and drive product adoption and renewals.
SEO Specialist,Solstice Energy,"Denver, CO",Improve organic search rankings through on-page and technical SEO.
SEO Specialist,Harbor Digital,"Portland, OR",Improve organic search rankings through on-page and technical SEO.
Financial Analyst,Rockford Logistics,"Portland, OR",Build financial models and support quarterly budget planning.
Product Designer,Northwind Labs,"Denver, CO",Design user flows and interfaces for the core product.
SEO Specialist,Cedar & Co,"Raleigh, NC",Improve organic search rankings through on-page and technical SEO.
SEO Specialist,Northwind Labs,"Denver, CO",Improve organic search rankings through on-page and technical SEO.
HR Business Partner,Lumen Robotics,"Atlanta, GA","Support managers on performance, compensation, and team structure."
Product Designer,Lumen Robotics,"Raleigh, NC",Design user flows and interfaces for the core product.
Support Specialist,Bluepeak Systems,Remote,"Resolve customer tickets across email, chat, and phone."
Recruiter,Ironclad Analytics,"Boston, MA",Manage full-cycle recruiting for engineering and business roles.
Data Scientist,Bright Path Financial,Remote,Analyze large datasets to uncover trends and build predictive models.
Software Engineer,Wavecrest Media,"Portland, OR",Build and maintain scalable backend services and APIs.
Customer Success Manager,Harbor Digital,Remote,Onboard new customers and drive product adoption and renewals.
DevOps Engineer,Rockford Logistics,"Atlanta, GA",Manage CI/CD pipelines and cloud infrastructure reliability.
HR Business Partner,Harbor Digital,"Denver, CO","Support managers on performance, compensation, and team structure."
Social Media Manager,Wavecrest Media,"Boston, MA",Plan and publish content across social platforms.
Accountant,Harbor Digital,Remote,"Manage accounts payable, receivable, and monthly reconciliations."
Social Media Manager,Wavecrest Media,"Seattle, WA",Plan and publish content across social platforms.
Customer Success Manager,Lumen Robotics,Remote,Onboard new customers and drive product adoption and renewals.
Sales Development Rep,Silverline Health,"Raleigh, NC",Qualify inbound leads and book meetings for the sales team.
Social Media Manager,Lumen Robotics,"Portland, OR",Plan and publish content across social platforms.
Software Engineer,Fernbridge Software,"Boston, MA",Build and maintain scalable backend services and APIs.
Customer Success Manager,Lumen Robotics,"Raleigh, NC",Onboard new customers and drive product adoption and renewals.
HR Business Partner,Rockford Logistics,"Atlanta, GA","Support managers on performance, compensation, and team structure."
Supply Chain Analyst,Granite Peak Tech,"New York, NY",Optimize inventory levels and vendor logistics.
Customer Success Manager,Wavecrest Media,"New York, NY",Onboard new customers and drive product adoption and renewals.
Sales Development Rep,Rockford Logistics,"Denver, CO",Qualify inbound leads and book meetings for the sales team.
Social Media Manager,Wavecrest Media,"Raleigh, NC",Plan and publish content across social platforms.
Product Designer,Bluepeak Systems,"Chicago, IL",Design user flows and interfaces for the core product.
Social Media Manager,Ironclad Analytics,"Chicago, IL",Plan and publish content across social platforms.
Account Executive,Northwind Labs,"Austin, TX",Own the full sales cycle from prospecting to closing new business.
Content Marketer,Granite Peak Tech,"Raleigh, NC","Write blog posts, case studies, and email campaigns."
DevOps Engineer,Granite Peak Tech,Remote,Manage CI/CD pipelines and cloud infrastructure reliability.
Recruiter,Ironclad Analytics,Remote,Manage full-cycle recruiting for engineering and business roles.
Office Manager,Lumen Robotics,"Chicago, IL",Coordinate day-to-day office operations and vendor relationships.
Account Executive,Rockford Logistics,"Austin, TX",Own the full sales cycle from prospecting to closing new business.
QA Engineer,Maple & Vine Retail,Remote,Design and execute test plans to ensure product quality.
Content Marketer,Cedar & Co,"Portland, OR","Write blog posts, case studies, and email campaigns."
Supply Chain Analyst,Northwind Labs,"Portland, OR",Optimize inventory levels and vendor logistics.
Content Marketer,Anchorpoint Security,"Denver, CO","Write blog posts, case studies, and email campaigns."
Supply Chain Analyst,Cedar & Co,"New York, NY",Optimize inventory levels and vendor logistics.
Support Specialist,Wavecrest Media,"Raleigh, NC","Resolve customer tickets across email, chat, and phone."
Product Designer,Maple & Vine Retail,"New York, NY",Design user flows and interfaces for the core product.
HR Business Partner,Solstice Energy,"Portland, OR","Support managers on performance, compensation, and team structure."
Accountant,Solstice Energy,"Portland, OR","Manage accounts payable, receivable, and monthly reconciliations."
Supply Chain Analyst,Anchorpoint Security,"Seattle, WA",Optimize inventory levels and vendor logistics.
Office Manager,Granite Peak Tech,"Boston, MA",Coordinate day-to-day office operations and vendor relationships.
Content Marketer,Solstice Energy,"Boston, MA","Write blog posts, case studies, and email campaigns."
Support Specialist,Granite Peak Tech,"Chicago, IL","Resolve customer tickets across email, chat, and phone."
SEO Specialist,Granite Peak Tech,"Denver, CO",Improve organic search rankings through on-page and technical SEO.
Social Media Manager,Ironclad Analytics,"Boston, MA",Plan and publish content across social platforms.
Product Designer,Harbor Digital,"Portland, OR",Design user flows and interfaces for the core product.
DevOps Engineer,Cedar & Co,"Seattle, WA",Manage CI/CD pipelines and cloud infrastructure reliability.
Content Marketer,Lumen Robotics,"Seattle, WA","Write blog posts, case studies, and email campaigns."
Customer Success Manager,Bluepeak Systems,Remote,Onboard new customers and drive product adoption and renewals.
Accountant,Harbor Digital,"Portland, OR","Manage accounts payable, receivable, and monthly reconciliations."
Supply Chain Analyst,Lumen Robotics,"Austin, TX",Optimize inventory levels and vendor logistics.
Customer Success Manager,Solstice Energy,Remote,Onboard new customers and drive product adoption and renewals.
Financial Analyst,Anchorpoint Security,"Raleigh, NC",Build financial models and support quarterly budget planning.
Software Engineer,Solstice Energy,"Raleigh, NC",Build and maintain scalable backend services and APIs.
Financial Analyst,Granite Peak Tech,"Austin, TX",Build financial models and support quarterly budget planning.
UX Researcher,Fernbridge Software,Remote,Conduct user interviews and usability testing to inform design decisions.
Accountant,Wavecrest Media,"Portland, OR","Manage accounts payable, receivable, and monthly reconciliations."
HR Business Partner,Anchorpoint Security,"Chicago, IL","Support managers on performance, compensation, and team structure."
Office Manager,Ironclad Analytics,"Boston, MA",Coordinate day-to-day office operations and vendor relationships.
Accountant,Granite Peak Tech,"Austin, TX","Manage accounts payable, receivable, and monthly reconciliations."
Financial Analyst,Harbor Digital,Remote,Build financial models and support quarterly budget planning.
Sales Development Rep,Solstice Energy,"New York, NY",Qualify inbound leads and book meetings for the sales team.
Account Executive,Silverline Health,"Portland, OR",Own the full sales cycle from prospecting to closing new business.
Software Engineer,Anchorpoint Security,Remote,Build and maintain scalable backend services and APIs.
Recruiter,Silverline Health,"Austin, TX",Manage full-cycle recruiting for engineering and business roles.
DevOps Engineer,Rockford Logistics,Remote,Manage CI/CD pipelines and cloud infrastructure reliability.
Account Executive,Solstice Energy,"New York, NY",Own the full sales cycle from prospecting to closing new business.
Sales Development Rep,Northwind Labs,"Boston, MA",Qualify inbound leads and book meetings for the sales team.
Financial Analyst,Harbor Digital,"Chicago, IL",Build financial models and support quarterly budget planning.
Supply Chain Analyst,Harbor Digital,"Atlanta, GA",Optimize inventory levels and vendor logistics.
Financial Analyst,Fernbridge Software,Remote,Build financial models and support quarterly budget planning.
SEO Specialist,Solstice Energy,"Denver, CO",Improve organic search rankings through on-page and technical SEO.
Office Manager,Northwind Labs,"Portland, OR",Coordinate day-to-day office operations and vendor relationships.
Data Scientist,Harbor Digital,"Chicago, IL",Analyze large datasets to uncover trends and build predictive models.
DevOps Engineer,Maple & Vine Retail,"Austin, TX",Manage CI/CD pipelines and cloud infrastructure reliability.
Software Engineer,Ironclad Analytics,"Chicago, IL",Build and maintain scalable backend services and APIs.
Software Engineer,Silverline Health,"Seattle, WA",Build and maintain scalable backend services and APIs.
Content Marketer,Cedar & Co,"New York, NY","Write blog posts, case studies, and email campaigns."
QA Engineer,Silverline Health,"Chicago, IL",Design and execute test plans to ensure product quality.
Supply Chain Analyst,Bright Path Financial,"Boston, MA",Optimize inventory levels and vendor logistics.
UX Researcher,Cedar & Co,"Raleigh, NC",Conduct user interviews and usability testing to inform design decisions.
HR Business Partner,Bright Path Financial,"Denver, CO","Support managers on performance, compensation, and team structure."
Sales Development Rep,Fernbridge Software,"Denver, CO",Qualify inbound leads and book meetings for the sales team.
Recruiter,Northwind Labs,"Boston, MA",Manage full-cycle recruiting for engineering and business roles.
Recruiter,Rockford Logistics,Remote,Manage full-cycle recruiting for engineering and business roles.
Financial Analyst,Bright Path Financial,"Chicago, IL",Build financial models and support quarterly budget planning.
DevOps Engineer,Silverline Health,"Chicago, IL",Manage CI/CD pipelines and cloud infrastructure reliability.
QA Engineer,Bright Path Financial,"Boston, MA",Design and execute test plans to ensure product quality.
HR Business Partner,Maple & Vine Retail,"Denver, CO","Support managers on performance, compensation, and team structure."
Recruiter,Maple & Vine Retail,"Austin, TX",Manage full-cycle recruiting for engineering and business roles.
UX Researcher,Wavecrest Media,Remote,Conduct user interviews and usability testing to inform design decisions.
UX Researcher,Bluepeak Systems,"Portland, OR",Conduct user interviews and usability testing to inform design decisions.
Product Designer,Northwind Labs,Remote,Design user flows and interfaces for the core product.
Office Manager,Bluepeak Systems,Remote,Coordinate day-to-day office operations and vendor relationships.
UX Researcher,Rockford Logistics,"New York, NY",Conduct user interviews and usability testing to inform design decisions.
Account Executive,Lumen Robotics,"Seattle, WA",Own the full sales cycle from prospecting to closing new business.
Support Specialist,Rockford Logistics,"Boston, MA","Resolve customer tickets across email, chat, and phone."
HR Business Partner,Maple & Vine Retail,"Portland, OR","Support managers on performance, compensation, and team structure."
Office Manager,Granite Peak Tech,Remote,Coordinate day-to-day office operations and vendor relationships.
Recruiter,Fernbridge Software,"Atlanta, GA",Manage full-cycle recruiting for engineering and business roles.
Content Marketer,Solstice Energy,"Denver, CO","Write blog posts, case studies, and email campaigns."
SEO Specialist,Anchorpoint Security,"New York, NY",Improve organic search rankings through on-page and technical SEO.
Content Marketer,Maple & Vine Retail,"New York, NY","Write blog posts, case studies, and email campaigns."
Recruiter,Silverline Health,Remote,Manage full-cycle recruiting for engineering and business roles.
Product Designer,Northwind Labs,"New York, NY",Design user flows and interfaces for the core product.
Product Designer,Cedar & Co,"New York, NY",Design user flows and interfaces for the core product.
Customer Success Manager,Harbor Digital,"Boston, MA",Onboard new customers and drive product adoption and renewals.
Product Designer,Fernbridge Software,"Raleigh, NC",Design user flows and interfaces for the core product.
SEO Specialist,Wavecrest Media,"Austin, TX",Improve organic search rankings through on-page and technical SEO.
Support Specialist,Ironclad Analytics,"Denver, CO","Resolve customer tickets across email, chat, and phone."
Content Marketer,Bright Path Financial,Remote,"Write blog posts, case studies, and email campaigns."
Office Manager,Wavecrest Media,"Chicago, IL",Coordinate day-to-day office operations and vendor relationships.
Office Manager,Rockford Logistics,"New York, NY",Coordinate day-to-day office operations and vendor relationships.
Supply Chain Analyst,Maple & Vine Retail,"Austin, TX",Optimize inventory levels and vendor logistics.
DevOps Engineer,Fernbridge Software,"Chicago, IL",Manage CI/CD pipelines and cloud infrastructure reliability.
Financial Analyst,Bright Path Financial,"Chicago, IL",Build financial models and support quarterly budget planning.
Social Media Manager,Rockford Logistics,"Raleigh, NC",Plan and publish content across social platforms.
UX Researcher,Granite Peak Tech,"Portland, OR",Conduct user interviews and usability testing to inform design decisions.
Support Specialist,Harbor Digital,Remote,"Resolve customer tickets across email, chat, and phone."
Technical Support Engineer,Harbor Digital,"Atlanta, GA",Troubleshoot technical issues for enterprise customers.
Supply Chain Analyst,Fernbridge Software,"Boston, MA",Optimize inventory levels and vendor logistics.
SEO Specialist,Ironclad Analytics,"Denver, CO",Improve organic search rankings through on-page and technical SEO.
Customer Success Manager,Harbor Digital,"Denver, CO",Onboard new customers and drive product adoption and renewals.
Technical Support Engineer,Maple & Vine Retail,"Seattle, WA",Troubleshoot technical issues for enterprise customers.
Customer Success Manager,Ironclad Analytics,"New York, NY",Onboard new customers and drive product adoption and renewals.
SEO Specialist,Bright Path Financial,"Raleigh, NC",Improve organic search rankings through on-page and technical SEO.
Support Specialist,Silverline Health,"Boston, MA","Resolve customer tickets across email, chat, and phone."
QA Engineer,Solstice Energy,"Chicago, IL",Design and execute test plans to ensure product quality.
Social Media Manager,Ironclad Analytics,"Atlanta, GA",Plan and publish content across social platforms.
Sales Development Rep,Fernbridge Software,"Austin, TX",Qualify inbound leads and book meetings for the sales team.
Technical Support Engineer,Cedar & Co,"Boston, MA",Troubleshoot technical issues for enterprise customers.
Data Scientist,Northwind Labs,"Portland, OR",Analyze large datasets to uncover trends and build predictive models.
Social Media Manager,Bright Path Financial,"Seattle, WA",Plan and publish content across social platforms.
Office Manager,Bluepeak Systems,"Austin, TX",Coordinate day-to-day office operations and vendor relationships.
Recruiter,Fernbridge Software,"New York, NY",Manage full-cycle recruiting for engineering and business roles.
Office Manager,Granite Peak Tech,"Atlanta, GA",Coordinate day-to-day office operations and vendor relationships.
Sales Development Rep,Northwind Labs,"Boston, MA",Qualify inbound leads and book meetings for the sales team.
Office Manager,Bluepeak Systems,"Denver, CO",Coordinate day-to-day office operations and vendor relationships.
Financial Analyst,Granite Peak Tech,"Denver, CO",Build financial models and support quarterly budget planning.
Recruiter,Rockford Logistics,"Austin, TX",Manage full-cycle recruiting for engineering and business roles.
Account Executive,Cedar & Co,"Raleigh, NC",Own the full sales cycle from prospecting to closing new business.
Social Media Manager,Bluepeak Systems,"Chicago, IL",Plan and publish content across social platforms.
QA Engineer,Wavecrest Media,Remote,Design and execute test plans to ensure product quality.
HR Business Partner,Silverline Health,"Raleigh, NC","Support managers on performance, compensation, and team structure."
Content Marketer,Maple & Vine Retail,"Portland, OR","Write blog posts, case studies, and email campaigns."
Financial Analyst,Granite Peak Tech,"New York, NY",Build financial models and support quarterly budget planning.
Social Media Manager,Solstice Energy,"Raleigh, NC",Plan and publish content across social platforms.
Accountant,Fernbridge Software,"Raleigh, NC","Manage accounts payable, receivable, and monthly reconciliations."
HR Business Partner,Northwind Labs,"Raleigh, NC","Support managers on performance, compensation, and team structure."
QA Engineer,Maple & Vine Retail,"Chicago, IL",Design and execute test plans to ensure product quality.
Customer Success Manager,Fernbridge Software,"Denver, CO",Onboard new customers and drive product adoption and renewals.
Sales Development Rep,Ironclad Analytics,"Seattle, WA",Qualify inbound leads and book meetings for the sales team.
Technical Support Engineer,Bluepeak Systems,"Seattle, WA",Troubleshoot technical issues for enterprise customers.
Software Engineer,Lumen Robotics,"New York, NY",Build and maintain scalable backend services and APIs.
HR Business Partner,Granite Peak Tech,"Boston, MA","Support managers on performance, compensation, and team structure."
Data Scientist,Ironclad Analytics,"Boston, MA",Analyze large datasets to uncover trends and build predictive models.
Social Media Manager,Bright Path Financial,"New York, NY",Plan and publish content across social platforms.
DevOps Engineer,Rockford Logistics,"Chicago, IL",Manage CI/CD pipelines and cloud infrastructure reliability.
SEO Specialist,Maple & Vine Retail,"Raleigh, NC",Improve organic search rankings through on-page and technical SEO.
Customer Success Manager,Lumen Robotics,"Denver, CO",Onboard new customers and drive product adoption and renewals.
Technical Support Engineer,Ironclad Analytics,"Seattle, WA",Troubleshoot technical issues for enterprise customers.
SEO Specialist,Solstice Energy,"Seattle, WA",Improve organic search rankings through on-page and technical SEO.
DevOps Engineer,Northwind Labs,"Seattle, WA",Manage CI/CD pipelines and cloud infrastructure reliability.
Social Media Manager,Silverline Health,"Raleigh, NC",Plan and publish content across social platforms.
Social Media Manager,Granite Peak Tech,"Denver, CO",Plan and publish content across social platforms.
Supply Chain Analyst,Bright Path Financial,"Boston, MA",Optimize inventory levels and vendor logistics.
Financial Analyst,Fernbridge Software,"Portland, OR",Build financial models and support quarterly budget planning.
Technical Support Engineer,Granite Peak Tech,"New York, NY",Troubleshoot technical issues for enterprise customers.
